{
  "resourceTypeForTelemetry": "ApplicationInsights",
  "displayName": { "$ref": "strings:#/appInsightsDisplayName" },
  "description": { "$ref": "strings:#/appInsightsAzureDescription" },
  "collectiveNoun": { "$ref": "strings:#/appInsightsCollectiveNoun" },
  "icon": {
    "$ref": "images:#/azureAppInsights"
  },
  "entityApiVersion": "2020-02-02",
  "entityDataMapDefinition": {
    "name": "appInsightsResponseProcessor",
    "atomizers": [
      { "$ref": "/shared/datamap.json#/atomizers/idRepeaterTopLevelResource" },
      { "$ref": "/shared/datamap.json#/atomizers/type" },
      { "$ref": "/shared/datamap.json#/atomizers/location" },
      { "$ref": "/shared/datamap.json#/atomizers/name" },
      { "$ref": "/shared/datamap.json#/atomizers/tags" },
      {
        "name": "INSTRUMENTATIONKEY",
        "kind": "Identity",
        "config": {
          "outwardFacingField": "/properties/InstrumentationKey",
          "inwardFacingFields": [ "instrumentationKey" ]
        }
      }
    ],
    "transforms": [
      { "$ref": "/shared/datamap.json#/transforms/id" },
      { "$ref": "/shared/datamap.json#/transforms/resourceGroup" },
      { "$ref": "/shared/datamap.json#/transforms/type" },
      { "$ref": "/shared/datamap.json#/transforms/location" },
      { "$ref": "/shared/datamap.json#/transforms/name" },
      { "$ref": "/shared/datamap.json#/transforms/tags" },
      {
        "name": "instrumentationKey",
        "kind": "Identity",
        "config": {
          "transformedField": "instrumentationKey"
        }
      }
    ],
    "deatomizers": [
      { "$ref": "/shared/datamap.json#/atomizers/id" },
      { "$ref": "/shared/datamap.json#/atomizers/resourceGroup" },
      { "$ref": "/shared/datamap.json#/atomizers/type" },
      { "$ref": "/shared/datamap.json#/atomizers/location" },
      { "$ref": "/shared/datamap.json#/atomizers/name" },
      { "$ref": "/shared/datamap.json#/atomizers/tags" },
      {
        "name": "INSTRUMENTATIONKEY",
        "kind": "Identity",
        "config": {
          "outwardFacingField": "/instrumentationKey",
          "inwardFacingFields": [ "instrumentationKey" ]
        }
      }
    ]
  },
  "apiVersion": "2020-02-02",
  "viewDefinitions": [
    {
      "name": "appInsightsConfigureInstance",
      "kind": "VerticalContainer",
      "config": {
        "controls": {
          "secretName": {
            "kind": "ConnectionString",
            "config": {
              "binding": "SecretName",
              "optionsBinding": "ConnectionStringOptions",
              "label": { "$ref": "strings:#/connectionSettingName" },
              "description": { "$ref": "strings:#/connectionStringNameDescription" },
              "isLoadingBinding": "AreConnectionStringOptionsLoading",
              "isReadOnlyBinding": "IsConfiguringSpecificSecretName"
            }
          }
        }
      }
    },
    {
      "name": "appInsightsProvisionInstance",
      "kind": "VerticalContainer",
      "config": {
        "controls": {
          "Locations": {
            "kind": "ComboBox",
            "config": {
              "binding": "SelectedLocation",
              "itemsBinding": "AvailableLocations",
              "isLoadingBinding": "IsLoadingLocations",
              "label": { "$ref": "strings:#/locationDropDownName" },
              "description": { "$ref": "strings:#/locationDropDownDescription" },
              "isRequired": true,
              "displayPath": "DisplayName"
            }
          },
          "LogAnalytics": {
            "kind": "ComboBoxWithCommand",
            "config": {
              "binding": "SelectedLogAnalytics",
              "itemsBinding": "AvailableLogAnalytics",
              "isLoadingBinding": "IsLoadingLogAnalytics",
              "label": { "$ref": "strings:#/appInsightsLogAnalyticsDropdownLabel" },
              "description": { "$ref": "strings:#/appInsightsLogAnalyticsDropdownDescription" },
              "isRequired": true,
              "displayPath": "DisplayName",
              "commandDisplayText": { "$ref": "strings:#/newCommandLabel" },
              "commandDescription": { "$ref": "strings:#/logAnalyticsCreateNameInstance" },
              "commandBinding": "CreateWithUICommand",
              "commandParameter": { "$ref": "#/modelDefinitions/3/dataSources/autoCreateLogAnalytics/config/constantParameter" }
            }
          }
        }
      }
    }
  ],
  "modelDefinitions": [
    {
      "name": "appInsightsConfiguredInstance",
      "properties": { "$ref": "/shared/configure.json#/configureCommonProperties" },
      "dataSources": { "$ref": "/shared/configure.json#/configureCommonDataSources" }
    },
    {
      "name": "appInsightsComponent",
      "properties": {
        "name": {
          "kind": "Builtin",
          "dataType": "string"
        },
        "location": {
          "kind": "Builtin",
          "dataType": "string"
        },
        "resourceGroupName": {
          "kind": "Builtin",
          "dataType": "string"
        },
        "DisplayName": {
          "kind": "Builtin",
          "dataType": "string"
        }
      },
      "dataSources": {
        "generateDisplayName": {
          "kind": "FormatContents",
          "outboundProperties": [ "DisplayName" ],
          "inboundProperties": [ "name", "location" ],
          "config": {
            "formatString": { "$ref": "strings:#/formatDisplayNameWithLocation" }
          }
        }
      }
    },
    {
      "name": "appInsightsComponentSerialized",
      "properties": {
        "name": {
          "kind": "Builtin",
          "dataType": "string"
        },
        "location": {
          "kind": "Builtin",
          "dataType": "string"
        },
        "resourceGroupName": {
          "kind": "Builtin",
          "dataType": "string"
        },
        "DisplayName": {
          "kind": "Builtin",
          "dataType": "string"
        },
        "IsProvisional": {
          "kind": "Builtin",
          "dataType": "bool"
        }
      }
    },
    {
      "name": "appInsightsProvisionInstance",
      "properties": {
        "SelectedLocation": {
          "kind": "Custom",
          "modelType": "azure_location"
        },
        "AvailableLocations": {
          "kind": "List",
          "modelType": "azure_location"
        },
        "IsLoadingLocations": {
          "kind": "Builtin",
          "dataType": "bool"
        },
        "IsProvisional": {
          "kind": "Builtin",
          "dataType": "bool"
        },
        "DisplayName": {
          "kind": "Builtin",
          "dataType": "string"
        },
        "name": {
          "kind": "Builtin",
          "dataType": "string"
        },
        "ExistingComponents": {
          "kind": "List",
          "modelType": "appInsightsComponent"
        },
        "AllowedDuplicateAppInsightsName": {
          "kind": "Builtin",
          "dataType": "int"
        },
        "SelectedLocationInternalName": {
          "kind": "Builtin",
          "dataType": "string"
        },
        "SelectedLogAnalyticsSerialized": {
          "kind": "Custom",
          "modelType": "logAnalyticsSerialized"
        },
        "SelectedLogAnalyticsLocationDisplayName": {
          "kind": "Builtin",
          "dataType": "string"
        },
        "RemoteLogAnalytics": {
          "kind": "List",
          "modelType": "logAnalyticsWorkspace"
        },
        "SortedRemoteLogAnalytics": {
          "kind": "List",
          "modelType": "logAnalyticsWorkspace"
        },
        "AvailableLogAnalytics": {
          "kind": "List"
        },
        "LogAnalyticsPreferenceOrder": {
          "kind": "List"
        },
        "ProvisionalLogAnalytics": {
          "kind": "Context"
        },
        "SelectedLogAnalytics": {
          "kind": "Custom"
        },
        "IsLoadingLogAnalytics": {
          "kind": "Builtin",
          "dataType": "bool"
        },
        "commonProperties": { "$refmerge": "/shared/provision.json#/provisionCommonProperties" },
        "contextProperties": { "$refmerge": "/shared/provision.json#/provisionContextProperties" }
      },
      "dataSources": {
        "resourceNameGenerator": {
          "kind": "ResourceNameGenerator",
          "outboundProperties": [ "ResourceName" ],
          "inboundProperties": [ "ResourceName", "LaunchParameters" ],
          "config": {
            "namingRules": { "$refmerge": "#/resourceNamingRules" },
            "nameWhenEmpty": "AppInsights",
            "seedKeyName": "ProjectName"
          }
        },
        "generateDisplayName": {
          "kind": "FormatContents",
          "outboundProperties": [ "DisplayName" ],
          "inboundProperties": [ "ResourceName", "Location" ],
          "config": {
            "formatString": { "$ref": "strings:#/formatDisplayNameNewItemWithLocation" }
          }
        },
        "copyResourceNameToName": {
          "kind": "CopyValue",
          "outboundProperties": [ "name" ],
          "inboundProperties": [ "ResourceName" ],
          "config": {
          }
        },
        "allowedLocations": {
          "kind": "Location",
          "inboundProperties": [ "SelectedSubscription" ],
          "outboundProperties": [ "AvailableLocations" ],
          "loadingStatusProperty": "IsLoadingLocations",
          "config": {
            "types": [ "microsoft.insights/components" ]
          }
        },
        "promoteLocation": {
          "kind": "PromoteProperty",
          "inboundProperties": [ "SelectedLocation" ],
          "outboundProperties": [ "Location" ],
          "config": {
            "subProperty": "DisplayName"
          }
        },
        "promoteLocationInternalName": {
          "kind": "PromoteProperty",
          "inboundProperties": [ "SelectedLocation" ],
          "outboundProperties": [ "SelectedLocationInternalName" ],
          "config": {
            "subProperty": "InternalName"
          }
        },
        "promoteSelectedLogAnalyticsLocationInternalName": {
          "kind": "PromoteProperty",
          "inboundProperties": [ "SelectedLogAnalytics" ],
          "outboundProperties": [ "SelectedLogAnalyticsLocationDisplayName" ],
          "config": {
            "subProperty": "location"
          }
        },
        "maintainSelectedLocation": {
          "kind": "PreserveOrSelectPreferredLocation",
          "inboundProperties": [ "AvailableLocations", "SelectedLocation", "LaunchParameters" ],
          "outboundProperties": [ "SelectedLocation" ],
          "config": {
            "preferredLocationKey": "PreferredLocation"
          }
        },
        "copyLogAnalytics": {
          "kind": "CopyValue",
          "inboundProperties": [ "SelectedLogAnalytics" ],
          "outboundProperties": [ "SelectedLogAnalyticsSerialized" ]
        },
        "selectLogAnalytics": {
          "kind": "PreserveOrSelectFirst",
          "config": {},
          "inboundProperties": [ "LogAnalyticsPreferenceOrder", "SelectedLogAnalytics" ],
          "outboundProperties": [ "SelectedLogAnalytics" ]
        },
        "loadRemoteLogAnalytics": {
          "base": { "$refmerge": "/resourceTypes/logAnalytics/select.json#/dataRetrieverDefinition" },
          "inboundProperties": [ "SelectedSubscription" ],
          "outboundProperties": [ "RemoteLogAnalytics" ],
          "loadingStatusProperty": "IsLoadingLogAnalytics"
        },
        "sortLogAnalytics" : {
          "kind": "SortList",
          "inboundProperties": [ "RemoteLogAnalytics" ],
          "outboundProperties": [ "SortedRemoteLogAnalytics" ],
          "config": {
            "sortPropertyName": "DisplayName"
          }
        },
        "combineLogAnalytics": {
          "kind": "Union",
          "inboundProperties": [ "ProvisionalLogAnalytics", "SortedRemoteLogAnalytics" ],
          "outboundProperties": [ "AvailableLogAnalytics" ]
        },
        "logAnalyticsPreferenceOrder": {
          "kind": "Union",
          "inboundProperties": [ "ProvisionalLogAnalytics", "SortedRemoteLogAnalytics" ],
          "outboundProperties": [ "LogAnalyticsPreferenceOrder" ]
        },
        "autoCreateLogAnalytics": {
          "kind": "InvokeCommand",
          "inboundProperties": [ "AutoCreateCommand", "SortedRemoteLogAnalytics", "IsLoadingLogAnalytics", "ProvisionalLogAnalytics" ],
          "outboundProperties": [ "ProvisionalLogAnalytics" ],
          "config": {
            "constantParameter": "Microsoft.OperationalInsights/workspaces,ProvisionalLogAnalytics,SelectedLogAnalytics"
          }
        },
        "existingComponents": {
          "kind": "Entity",
          "outboundProperties": [ "ExistingComponents" ],
          "inboundProperties": [ "SelectedSubscription", "ResourceGroupName" ],
          "config": {
            "urlGeneration": {
              "splitters": [
                {
                  "instanceName": "SubscriptionId",
                  "kind": "Identity",
                  "config": {
                    "inwardFacingFields": [ "subscriptionId" ],
                    "outwardFacingField": "/fields/0"
                  }
                },
                {
                  "instanceName": "RESOURCEGROUPNAME",
                  "kind": "Identity",
                  "config": {
                    "inwardFacingFields": [ "resourceGroupName" ],
                    "outwardFacingField": "/fields/1"
                  }
                }
              ],
              "transforms": [
                {
                  "instanceName": "subscriptionId",
                  "kind": "Identity",
                  "config": { "transformedField": "subscriptionId" }
                },
                {
                  "instanceName": "resourceGroupName",
                  "kind": "Identity",
                  "config": { "transformedField": "resourceGroupName" }
                }
              ],
              "fusers": [
                {
                  "name": "URL",
                  "kind": "ZipperToothMerge",
                  "config": {
                    "inwardFacingFields": [ "subscriptionId", "resourceGroupName" ],
                    "outwardFacingField": "/url",
                    "firstToken": "inputTokens",
                    "joinTokens": [ "/resourceGroups/", "/providers/microsoft.insights/components?api-version=2020-02-02" ]
                  }
                },
                {
                  "name": "METHOD",
                  "kind": "Constant",
                  "config": {
                    "inwardFacingFields": [],
                    "outwardFacingField": "/method",
                    "constantValue": "GET"
                  }
                }
              ]
            }
          }
        }
      }
    }
  ],
  "resourceNamingRules": {
    "minLength": 1,
    "maxLength": 256,
    "allowedFirstChars": "A-Za-z0-9",
    "allowedInteriorChars": "A-Za-z0-9-",
    "allowedFinalChars": "A-Za-z0-9-",
    "bannedSequences": []
  }
}
